종목코드,종목명,시장구분,업종명,종가,대비,등락률,시가총액
095570,AJ네트웍스,KOSPI,서비스업,"6,820",60,0.89,"319,328,051,900"
006840,AK홀딩스,KOSPI,기타금융,"15,800",250,1.61,"209,311,463,800"
027410,BGF,KOSPI,기타금융,"4,075",-55,-1.33,"390,045,923,325"
282330,BGF리테일,KOSPI,유통업,"184,000","-4,500",-2.39,"3,180,238,704,000"
138930,BNK금융지주,KOSPI,기타금융,"6,450",-40,-0.62,"2,102,282,336,700"
001460,BYC,KOSPI,섬유의복,"404,500",-500,-0.12,"252,656,767,500"
001465,BYC우,KOSPI,섬유의복,"154,500",-500,-0.32,"33,276,982,500"
001040,CJ,KOSPI,기타금융,"77,700","1,700",2.24,"2,267,052,744,600"
079160,CJ CGV,KOSPI,서비스업,"21,400",800,3.88,"874,605,095,800"
00104K,CJ4우(전환),KOSPI,기타금융,"70,300",900,1.30,"297,123,793,600"
000120,CJ대한통운,KOSPI,운수창고업,"115,000","2,500",2.22,"2,623,419,560,000"
011150,CJ씨푸드,KOSPI,음식료품,"3,120",30,0.97,"112,104,011,760"
011155,CJ씨푸드1우,KOSPI,음식료품,"29,000",550,1.93,"5,800,000,000"
001045,CJ우,KOSPI,기타금융,"47,450",550,1.17,"107,247,581,350"
097950,CJ제일제당,KOSPI,음식료품,"403,000","4,500",1.13,"6,066,836,958,000"
097955,CJ제일제당 우,KOSPI,음식료품,"167,500","2,500",1.52,"222,345,027,500"
000590,CS홀딩스,KOSPI,기타금융,"59,500",100,0.17,"68,691,679,000"
012030,DB,KOSPI,서비스업,786,9,1.16,"158,122,711,338"
016610,DB금융투자,KOSPI,증권,"4,905",40,0.82,"208,199,538,045"
005830,DB손해보험,KOSPI,보험,"59,600",-800,-1.32,"4,219,680,000,000"
000990,DB하이텍,KOSPI,전기전자,"41,450",650,1.59,"1,840,321,472,600"
000995,DB하이텍1우,KOSPI,전기전자,"81,700","-3,300",-3.88,"9,176,217,200"
139130,DGB금융지주,KOSPI,기타금융,"7,580",80,1.07,"1,282,125,414,140"
001530,DI동일,KOSPI,유통업,"16,150",900,5.90,"412,927,560,500"
000210,DL,KOSPI,기타금융,"65,800","1,300",2.02,"1,378,897,167,200"
001880,DL건설,KOSPI,건설업,"20,300",0,0.00,"447,681,665,200"
000215,DL우,KOSPI,기타금융,"38,500",100,0.26,"64,915,427,500"
375500,DL이앤씨,KOSPI,건설업,"38,650",350,0.91,"1,495,508,528,950"
37550L,DL이앤씨2우(전환),KOSPI,건설업,"33,500",-100,-0.30,"70,750,358,500"
37550K,DL이앤씨우,KOSPI,건설업,"27,600",100,0.36,"58,343,226,000"
007340,DN오토모티브,KOSPI,전기전자,"50,000",-100,-0.20,"499,700,250,000"
004840,DRB동일,KOSPI,화학,"4,560",60,1.33,"90,880,800,000"
155660,DSR,KOSPI,철강금속,"5,220",60,1.16,"83,520,000,000"
069730,DSR제강,KOSPI,철강금속,"4,665",50,1.08,"67,176,000,000"
017940,E1,KOSPI,유통업,"44,500",550,1.25,"305,270,000,000"
365550,ESR켄달스퀘어리츠,KOSPI,서비스업,"5,280",10,0.19,"1,125,109,920,000"
383220,F&F,KOSPI,섬유의복,"137,500","8,000",6.18,"5,267,222,812,500"
007700,F&F홀딩스,KOSPI,기타금융,"19,100","1,000",5.52,"747,084,409,700"
114090,GKL,KOSPI,서비스업,"13,300",200,1.53,"822,680,411,000"
078930,GS,KOSPI,기타금융,"39,200",350,0.90,"3,642,282,817,600"
006360,GS건설,KOSPI,건설업,"28,550",0,0.00,"2,443,351,539,500"
001250,GS글로벌,KOSPI,유통업,"3,480",75,2.20,"287,217,498,720"
007070,GS리테일,KOSPI,유통업,"24,400",250,1.04,"2,555,117,296,800"
078935,GS우,KOSPI,기타금융,"34,150",200,0.59,"60,951,807,900"
012630,HDC,KOSPI,기타금융,"6,440",-10,-0.16,"384,736,683,240"
039570,HDC랩스,KOSPI,건설업,"8,200",-70,-0.85,"212,852,328,200"
089470,HDC현대EP,KOSPI,화학,"3,765",20,0.53,"120,103,500,000"
294870,HDC현대산업개발,KOSPI,건설업,"10,950",0,0.00,"721,685,263,500"
267250,HD현대,KOSPI,화학,"51,700",300,0.58,"4,083,942,494,500"
097230,HJ중공업,KOSPI,건설업,"6,660",-80,-1.19,"554,606,711,460"
003580,HLB글로벌,KOSPI,광업,"10,200",-50,-0.49,"430,091,537,400"
011200,HMM,KOSPI,운수창고업,"23,600",50,0.21,"11,541,332,105,600"
082740,HSD엔진,KOSPI,기계,"8,250",-50,-0.60,"385,450,279,500"
003560,IHQ,KOSPI,서비스업,704,12,1.73,"109,000,918,400"
175330,JB금융지주,KOSPI,기타금융,"7,070",30,0.43,"1,392,669,060,580"
234080,JW생명과학,KOSPI,의약품,"13,350",50,0.38,"211,391,295,900"
001060,JW중외제약,KOSPI,의약품,"24,400",300,1.24,"541,145,176,400"
001067,JW중외제약2우B,KOSPI,의약품,"71,000","1,000",1.43,"7,307,817,000"
001065,JW중외제약우,KOSPI,의약품,"37,000","1,000",2.78,"6,761,195,000"
096760,JW홀딩스,KOSPI,기타금융,"3,400",10,0.29,"239,512,000,400"
105560,KB금융,KOSPI,기타금융,"45,300",-800,-1.74,"18,679,567,978,200"
002380,KCC,KOSPI,화학,"277,000","-3,000",-1.07,"2,461,552,467,000"
344820,KCC글라스,KOSPI,비금속광물,"43,900",500,1.15,"701,105,476,800"
009070,KCTC,KOSPI,운수창고업,"4,330",5,0.12,"129,900,000,000"
009440,KC그린홀딩스,KOSPI,기타금융,"4,875",10,0.21,"109,370,527,500"
119650,KC코트렐,KOSPI,기계,"4,080",80,2.00,"71,808,000,000"
092220,KEC,KOSPI,전기전자,"2,505",0,0.00,"362,594,093,205"
016380,KG스틸,KOSPI,철강금속,"12,400",50,0.40,"1,240,110,322,800"
016385,KG스틸우,KOSPI,철강금속,"16,600","-13,500",-44.85,"886,191,000"
001390,KG케미칼,KOSPI,화학,"24,450",-100,-0.41,"339,026,047,200"
033180,KH 필룩스,KOSPI,전기전자,"1,450",-55,-3.65,"222,198,842,450"
001940,KISCO홀딩스,KOSPI,철강금속,"13,600",100,0.74,"219,998,768,000"
025000,KPX케미칼,KOSPI,화학,"47,700",50,0.10,"230,868,000,000"
092230,KPX홀딩스,KOSPI,화학,"59,500",0,0.00,"251,366,437,000"
000040,KR모터스,KOSPI,운수장비,746,79,11.84,"71,718,672,726"
044450,KSS해운,KOSPI,운수창고업,"9,330",-160,-1.69,"215,391,260,400"
030200,KT,KOSPI,통신업,"37,150",-100,-0.27,"9,700,303,667,200"
033780,KT&G,KOSPI,기타제조업,"81,200",-800,-0.98,"11,148,150,756,400"
058850,KTcs,KOSPI,서비스업,"2,105",90,4.47,"89,851,925,000"
058860,KTis,KOSPI,서비스업,"2,575",45,1.78,"89,615,150,000"
093050,LF,KOSPI,섬유의복,"15,500",300,1.97,"453,220,000,000"
003550,LG,KOSPI,기타금융,"76,800",-100,-0.13,"12,080,716,262,400"
034220,LG디스플레이,KOSPI,전기전자,"14,900",250,1.71,"5,331,453,930,000"
051900,LG생활건강,KOSPI,화학,"715,000","7,000",0.99,"11,167,010,855,000"
051905,LG생활건강우,KOSPI,화학,"325,000","5,500",1.72,"682,401,525,000"
373220,LG에너지솔루션,KOSPI,전기전자,"400,000","-1,000",-0.25,"93,600,000,000,000"
003555,LG우,KOSPI,기타금융,"60,700",200,0.33,"183,412,334,000"
032640,LG유플러스,KOSPI,통신업,"12,200",-200,-1.61,"5,326,658,604,200"
011070,LG이노텍,KOSPI,전기전자,"337,500","9,000",2.74,"7,987,648,612,500"
066570,LG전자,KOSPI,전기전자,"91,100",700,0.77,"14,908,315,855,400"
066575,LG전자우,KOSPI,전기전자,"43,600",100,0.23,"749,309,251,200"
037560,LG헬로비전,KOSPI,서비스업,"5,410",60,1.12,"418,987,539,650"
051910,LG화학,KOSPI,화학,"517,000","3,000",0.58,"36,496,241,331,000"
051915,LG화학우,KOSPI,화학,"238,000",-500,-0.21,"1,829,934,400,000"
079550,LIG넥스원,KOSPI,기계,"66,300",-800,-1.19,"1,458,600,000,000"
006260,LS,KOSPI,기타금융,"51,700",-600,-1.15,"1,664,740,000,000"
010120,LS ELECTRIC,KOSPI,전기전자,"50,400",-200,-0.40,"1,512,000,000,000"
000680,LS네트웍스,KOSPI,유통업,"2,700",0,0.00,"212,768,143,200"
229640,LS전선아시아,KOSPI,기타금융,"6,820",120,1.79,"208,861,674,780"
001120,LX인터내셔널,KOSPI,유통업,"28,800",-50,-0.17,"1,116,288,000,000"
108670,LX하우시스,KOSPI,화학,"40,650",800,2.01,"364,535,785,500"
108675,LX하우시스우,KOSPI,화학,"19,300",400,2.12,"19,923,969,000"
383800,LX홀딩스,KOSPI,기타금융,"8,600",0,0.00,"656,013,934,000"
38380K,LX홀딩스1우,KOSPI,기타금융,"11,900",50,0.42,"17,436,891,500"
023150,MH에탄올,KOSPI,음식료품,"8,370",-90,-1.06,"61,758,262,620"
035420,NAVER,KOSPI,서비스업,"237,500","4,000",1.71,"38,961,657,687,500"
181710,NHN,KOSPI,서비스업,"27,500",-700,-2.48,"1,031,742,662,500"
400760,NH올원리츠,KOSPI,서비스업,"4,475",-5,-0.11,"188,845,000,000"
005940,NH투자증권,KOSPI,증권,"9,010",30,0.33,"2,988,309,948,210"
005945,NH투자증권우,KOSPI,증권,"9,050",-10,-0.11,"170,782,260,400"
338100,NH프라임리츠,KOSPI,서비스업,"4,515",-80,-1.74,"84,249,900,000"
034310,NICE,KOSPI,서비스업,"14,350",100,0.70,"543,611,005,000"
008260,NI스틸,KOSPI,철강금속,"4,805",5,0.10,"137,423,562,185"
004250,NPC,KOSPI,화학,"8,740",-160,-1.80,"320,932,800,000"
004255,NPC우,KOSPI,화학,"4,620",-95,-2.01,"24,393,600,000"
010060,OCI,KOSPI,화학,"118,500","-3,000",-2.47,"2,826,150,463,500"
178920,PI첨단소재,KOSPI,화학,"32,550",250,0.77,"955,873,781,100"
005490,POSCO홀딩스,KOSPI,철강금속,"226,500","3,500",1.57,"19,747,818,127,500"
010950,S-Oil,KOSPI,화학,"89,900","-1,300",-1.43,"10,121,193,000,800"
010955,S-Oil우,KOSPI,화학,"56,900",-600,-1.04,"228,847,646,300"
034120,SBS,KOSPI,서비스업,"42,450",-100,-0.24,"774,822,105,900"
005090,SGC에너지,KOSPI,전기가스업,"32,650",-200,-0.61,"479,204,180,600"
001380,SG글로벌,KOSPI,운수장비,"1,400",25,1.82,"62,949,800,200"
004060,SG세계물산,KOSPI,유통업,535,-4,-0.74,"108,297,353,600"
001770,SHD,KOSPI,철강금속,"28,700",100,0.35,"34,866,998,600"
002360,SH에너지화학,KOSPI,화학,996,-19,-1.87,"110,689,195,080"
009160,SIMPAC,KOSPI,철강금속,"6,030",-20,-0.33,"394,539,981,480"
123700,SJM,KOSPI,운수장비,"3,500",10,0.29,"54,617,143,000"
025530,SJM홀딩스,KOSPI,유통업,"3,010",80,2.73,"44,951,364,080"
034730,SK,KOSPI,기타금융,"208,500","2,000",0.97,"15,460,135,096,500"
011790,SKC,KOSPI,화학,"126,000","1,000",0.80,"4,771,405,548,000"
018670,SK가스,KOSPI,유통업,"106,500","-1,500",-1.39,"983,020,986,000"
001740,SK네트웍스,KOSPI,유통업,"4,185",40,0.97,"1,038,665,302,695"
001745,SK네트웍스우,KOSPI,유통업,"55,900",300,0.54,"6,352,923,200"
006120,SK디스커버리,KOSPI,기타금융,"34,900",250,0.72,"664,421,139,500"
006125,SK디스커버리우,KOSPI,기타금융,"29,800",200,0.68,"40,481,959,000"
210980,SK디앤디,KOSPI,서비스업,"23,400",-500,-2.09,"519,249,837,600"
068400,SK렌터카,KOSPI,서비스업,"7,950",-60,-0.75,"375,922,428,000"
395400,SK리츠,KOSPI,서비스업,"5,740",170,3.05,"889,817,853,680"
302440,SK바이오사이언스,KOSPI,의약품,"142,500","-5,000",-3.39,"10,941,726,555,000"
326030,SK바이오팜,KOSPI,서비스업,"78,200",-100,-0.13,"6,124,096,150,000"
402340,SK스퀘어,KOSPI,기타금융,"40,600","1,100",2.78,"5,743,583,382,600"
361610,SK아이이테크놀로지,KOSPI,전기전자,"82,200","2,400",3.01,"5,860,662,062,400"
03473K,SK우,KOSPI,기타금융,"180,000",500,0.28,"101,904,300,000"
096770,SK이노베이션,KOSPI,화학,"166,500","1,500",0.91,"15,395,516,406,000"
096775,SK이노베이션우,KOSPI,화학,"107,500",0,0.00,"134,205,795,000"
001510,SK증권,KOSPI,증권,711,3,0.42,"336,011,611,581"
001515,SK증권우,KOSPI,증권,"2,955",-15,-0.51,"11,561,478,870"
285130,SK케미칼,KOSPI,화학,"104,000",500,0.48,"1,832,561,120,000"
28513K,SK케미칼우,KOSPI,화학,"53,100",-700,-1.30,"112,329,279,900"
017670,SK텔레콤,KOSPI,통신업,"55,800",800,1.45,"12,210,889,435,200"
000660,SK하이닉스,KOSPI,전기전자,"94,000",700,0.75,"68,432,222,310,000"
064960,SNT모티브,KOSPI,운수장비,"42,250","1,700",4.19,"617,827,496,000"
100840,SNT에너지,KOSPI,기계,"15,700",-300,-1.88,"117,855,362,700"
003570,SNT중공업,KOSPI,운수장비,"6,760",90,1.35,"224,788,231,720"
036530,SNT홀딩스,KOSPI,기타금융,"15,350",50,0.33,"250,264,650,100"
005610,SPC삼립,KOSPI,음식료품,"80,300",400,0.50,"692,909,422,700"
011810,STX,KOSPI,유통업,"3,130",-5,-0.16,"89,585,151,020"
077970,STX엔진,KOSPI,기계,"12,400",-250,-1.98,"285,310,409,600"
071970,STX중공업,KOSPI,기계,"4,060",-40,-0.98,"115,165,862,560"
002820,SUN&L,KOSPI,종이목재,"4,415",195,4.62,"55,664,271,435"
084870,TBH글로벌,KOSPI,섬유의복,"1,940",25,1.31,"40,462,228,860"
002710,TCC스틸,KOSPI,철강금속,"11,850",150,1.28,"278,475,000,000"
069260,TKG휴켐스,KOSPI,화학,"18,500",50,0.27,"756,253,878,000"
002900,TYM,KOSPI,기계,"2,390",-15,-0.62,"364,125,455,330"
024070,WISCOM,KOSPI,화학,"3,175",-40,-1.24,"48,661,440,650"
037270,YG PLUS,KOSPI,서비스업,"5,690",80,1.43,"360,913,342,900"
000500,가온전선,KOSPI,전기전자,"22,450",50,0.22,"93,399,790,150"
000860,강남제비스코,KOSPI,화학,"21,250",250,1.19,"138,125,000,000"
035250,강원랜드,KOSPI,서비스업,"24,200",450,1.89,"5,177,360,100,000"
011420,갤럭시아에스엠,KOSPI,서비스업,"1,805",20,1.12,"49,727,107,420"
002100,경농,KOSPI,화학,"10,550",0,0.00,"205,963,166,250"
009450,경동나비엔,KOSPI,전기전자,"38,050",-100,-0.26,"554,334,925,600"
267290,경동도시가스,KOSPI,전기가스업,"21,150",150,0.71,"124,687,836,900"
012320,경동인베스트,KOSPI,기타금융,"34,600",0,0.00,"81,829,795,800"
000050,경방,KOSPI,유통업,"12,400",150,1.22,"339,949,348,000"
214390,경보제약,KOSPI,의약품,"7,190",-30,-0.42,"171,890,323,400"
012610,경인양행,KOSPI,화학,"5,300",40,0.76,"220,566,734,500"
009140,경인전자,KOSPI,전기전자,"24,900",50,0.20,"39,112,845,300"
013580,계룡건설,KOSPI,건설업,"23,500",-50,-0.21,"209,876,314,500"
012200,계양전기,KOSPI,기계,"3,585",0,0.00,"116,871,000,000"
012205,계양전기우,KOSPI,기계,"6,770",0,0.00,"9,478,000,000"
002140,고려산업,KOSPI,음식료품,"6,630",60,0.91,"165,348,387,750"
010130,고려아연,KOSPI,철강금속,"454,500","1,000",0.22,"8,576,415,000,000"
002240,고려제강,KOSPI,철강금속,"19,600",-100,-0.51,"450,800,000,000"
009290,광동제약,KOSPI,의약품,"6,470",20,0.31,"339,162,905,970"
017040,광명전기,KOSPI,전기전자,"2,945",-65,-2.16,"127,629,276,175"
017900,광전자,KOSPI,전기전자,"2,275",70,3.17,"131,822,060,825"
037710,광주신세계,KOSPI,유통업,"33,150",-150,-0.45,"265,200,000,000"
030610,교보증권,KOSPI,증권,"6,160",0,0.00,"398,264,303,360"
339770,교촌에프앤비,KOSPI,유통업,"11,550",200,1.76,"288,548,337,000"
007690,국도화학,KOSPI,화학,"46,900",-500,-1.05,"422,597,890,400"
005320,국동,KOSPI,유통업,"1,845",-135,-6.82,"102,083,185,800"
001140,국보,KOSPI,운수창고업,"1,180",-25,-2.07,"93,669,319,220"
002720,국제약품,KOSPI,의약품,"5,820",-210,-3.48,"117,535,767,180"
083420,그린케미칼,KOSPI,화학,"6,920",80,1.17,"166,080,000,000"
014530,극동유화,KOSPI,화학,"3,510",45,1.30,"122,391,664,200"
014280,금강공업,KOSPI,철강금속,"6,800",20,0.29,"199,439,627,600"
014285,금강공업우,KOSPI,철강금속,"12,300",-100,-0.81,"7,255,462,500"
008870,금비,KOSPI,비금속광물,"70,100",-700,-0.99,"70,100,000,000"
001570,금양,KOSPI,화학,"4,980",-40,-0.80,"247,558,738,200"
002990,금호건설,KOSPI,건설업,"7,950",-20,-0.25,"293,781,080,250"
002995,금호건설우,KOSPI,건설업,"25,200",50,0.20,"7,365,103,200"
011780,금호석유,KOSPI,화학,"124,000","2,000",1.64,"3,756,684,656,000"
011785,금호석유우,KOSPI,화학,"81,700",500,0.62,"247,018,806,200"
214330,금호에이치티,KOSPI,운수장비,"1,285",45,3.63,"255,689,132,950"
001210,금호전기,KOSPI,전기전자,"1,320",0,0.00,"32,136,970,800"
073240,금호타이어,KOSPI,화학,"3,450",40,1.17,"991,047,990,150"
092440,기신정기,KOSPI,기계,"3,490",50,1.45,"101,908,000,000"
000270,기아,KOSPI,운수장비,"79,800","1,100",1.40,"32,347,995,090,600"
024110,기업은행,KOSPI,은행,"9,070",-80,-0.87,"6,750,806,324,090"
013700,까뮤이앤씨,KOSPI,건설업,"2,265",5,0.22,"102,269,914,200"
004540,깨끗한나라,KOSPI,종이목재,"3,410",60,1.79,"126,990,763,130"
004545,깨끗한나라우,KOSPI,종이목재,"18,900",-50,-0.26,"6,920,424,000"
001260,남광토건,KOSPI,건설업,"10,400",-450,-4.15,"102,221,745,600"
008350,남선알미늄,KOSPI,철강금속,"2,090",35,1.70,"230,274,298,100"
008355,남선알미우,KOSPI,철강금속,"22,100",300,1.38,"6,804,369,000"
004270,남성,KOSPI,유통업,"2,260",0,0.00,"81,839,481,600"
003920,남양유업,KOSPI,음식료품,"366,500","-2,000",-0.54,"263,880,000,000"
003925,남양유업우,KOSPI,음식료품,"200,000",-500,-0.25,"33,332,400,000"
025860,남해화학,KOSPI,화학,"9,460",90,0.96,"469,961,854,780"
005720,넥센,KOSPI,화학,"3,385",0,0.00,"181,246,362,145"
005725,넥센우,KOSPI,화학,"2,990",20,0.67,"10,765,794,000"
002350,넥센타이어,KOSPI,화학,"5,630",250,4.65,"549,870,147,510"
002355,넥센타이어1우B,KOSPI,화학,"2,730",30,1.11,"17,745,000,000"
251270,넷마블,KOSPI,서비스업,"69,000","1,800",2.68,"5,930,791,638,000"
090350,노루페인트,KOSPI,화학,"8,430",180,2.18,"168,600,000,000"
090355,노루페인트우,KOSPI,화학,"14,950",400,2.75,"6,923,733,700"
000320,노루홀딩스,KOSPI,기타금융,"10,900",100,0.93,"144,873,545,900"
000325,노루홀딩스우,KOSPI,기타금융,"24,700",-50,-0.20,"4,575,675,000"
006280,녹십자,KOSPI,의약품,"183,500",500,0.27,"2,144,479,723,000"
005250,녹십자홀딩스,KOSPI,서비스업,"20,700",0,0.00,"973,483,947,000"
005257,녹십자홀딩스2우,KOSPI,서비스업,"54,000",-600,-1.10,"45,683,460,000"
004370,농심,KOSPI,음식료품,"283,000","1,500",0.53,"1,721,387,686,000"
072710,농심홀딩스,KOSPI,기타금융,"66,700","-1,100",-1.62,"309,340,593,000"
058730,다스코,KOSPI,기계,"5,300",140,2.71,"95,875,367,600"
030210,다올투자증권,KOSPI,증권,"4,140",40,0.98,"249,700,340,880"
023590,다우기술,KOSPI,서비스업,"17,300",50,0.29,"776,192,474,100"
145210,다이나믹디자인,KOSPI,기계,"4,565",-10,-0.22,"24,086,346,020"
019680,대교,KOSPI,서비스업,"2,915",10,0.34,"246,908,807,750"
019685,대교우B,KOSPI,서비스업,"2,225",20,0.91,"43,225,052,750"
006370,대구백화점,KOSPI,유통업,"11,150",100,0.90,"120,660,962,650"
008060,대덕,KOSPI,기타금융,"6,160",10,0.16,"208,763,324,000"
00806K,대덕1우,KOSPI,기타금융,"9,100",-190,-2.05,"11,032,448,700"
353200,대덕전자,KOSPI,전기전자,"28,650","1,250",4.56,"1,415,794,901,250"
35320K,대덕전자1우,KOSPI,전기전자,"12,050",250,2.12,"25,251,003,950"
000490,대동,KOSPI,기계,"11,150",300,2.76,"266,845,747,100"
008110,대동전자,KOSPI,전기전자,"6,310",120,1.94,"66,194,720,570"
005750,대림B&Co,KOSPI,비금속광물,"4,770",80,1.71,"79,526,584,800"
006570,대림통상,KOSPI,기계,"3,285",-115,-3.38,"50,014,125,000"
001680,대상,KOSPI,음식료품,"22,050",500,2.32,"763,988,951,250"
001685,대상우,KOSPI,음식료품,"15,900",100,0.63,"21,786,545,700"
084690,대상홀딩스,KOSPI,기타금융,"7,760",70,0.91,"281,009,294,880"
084695,대상홀딩스우,KOSPI,기타금융,"9,460",-110,-1.15,"8,641,539,720"
128820,대성산업,KOSPI,유통업,"4,930",-120,-2.38,"223,010,906,540"
117580,대성에너지,KOSPI,전기가스업,"10,600",-500,-4.50,"291,500,000,000"
016710,대성홀딩스,KOSPI,서비스업,"80,100","1,700",2.17,"1,288,765,665,900"
003540,대신증권,KOSPI,증권,"14,400",200,1.41,"731,136,960,000"
003547,대신증권2우B,KOSPI,증권,"13,100",-50,-0.38,"131,000,000,000"
003545,대신증권우,KOSPI,증권,"13,400",-100,-0.74,"348,400,000,000"
009190,대양금속,KOSPI,철강금속,"3,390",-10,-0.29,"109,682,649,960"
014160,대영포장,KOSPI,종이목재,"1,660",10,0.61,"179,934,951,340"
047040,대우건설,KOSPI,건설업,"5,330",-80,-1.48,"2,215,268,660,540"
009320,대우부품,KOSPI,운수장비,"1,780",5,0.28,"84,810,547,500"
042660,대우조선해양,KOSPI,운수장비,"19,200",-600,-3.03,"2,059,980,844,800"
003090,대웅,KOSPI,의약품,"28,300",350,1.25,"1,645,418,034,000"
069620,대웅제약,KOSPI,의약품,"178,500","2,000",1.13,"2,068,203,637,500"
000430,대원강업,KOSPI,운수장비,"3,160",160,5.33,"195,920,000,000"
006340,대원전선,KOSPI,전기전자,"1,450",0,0.00,"104,348,574,300"
006345,대원전선우,KOSPI,전기전자,"2,560",10,0.39,"6,710,272,000"
003220,대원제약,KOSPI,의약품,"18,400",-600,-3.16,"401,908,182,400"
024890,대원화성,KOSPI,화학,"2,805",-10,-0.36,"115,703,871,360"
002880,대유에이텍,KOSPI,운수장비,821,12,1.48,"94,492,267,594"
000300,대유플러스,KOSPI,전기전자,848,14,1.68,"102,606,960,352"
012800,대창,KOSPI,철강금속,"1,365",20,1.49,"124,406,781,135"
015230,대창단조,KOSPI,운수장비,"4,790",-100,-2.04,"136,860,981,700"
001070,대한방직,KOSPI,섬유의복,"49,350",0,0.00,"261,555,000,000"
006650,대한유화,KOSPI,화학,"122,500","5,000",4.26,"796,250,000,000"
001440,대한전선,KOSPI,전기전자,"1,695",-65,-3.69,"2,109,381,750,255"
084010,대한제강,KOSPI,철강금속,"15,000",-200,-1.32,"369,701,010,000"
001790,대한제당,KOSPI,음식료품,"3,220",10,0.31,"288,822,987,600"
001795,대한제당우,KOSPI,음식료품,"3,110",-25,-0.80,"20,161,383,600"
001130,대한제분,KOSPI,음식료품,"136,500","2,500",1.87,"230,685,000,000"
003490,대한항공,KOSPI,운수창고업,"24,750","1,100",4.65,"8,608,565,418,750"
003495,대한항공우,KOSPI,운수창고업,"32,050",500,1.58,"35,600,947,700"
005880,대한해운,KOSPI,운수창고업,"2,280",-25,-1.08,"727,724,608,800"
003830,대한화섬,KOSPI,화학,"105,000","1,500",1.45,"139,440,000,000"
016090,대현,KOSPI,섬유의복,"2,005",45,2.30,"88,786,031,550"
069460,대호에이엘,KOSPI,철강금속,"2,290",5,0.22,"119,088,058,510"
192080,더블유게임즈,KOSPI,서비스업,"40,500","1,400",3.58,"744,167,331,000"
012510,더존비즈온,KOSPI,서비스업,"34,850",0,0.00,"1,058,840,022,400"
004830,덕성,KOSPI,화학,"6,100",120,2.01,"95,648,000,000"
004835,덕성우,KOSPI,화학,"7,020",50,0.72,"9,771,840,000"
024900,덕양산업,KOSPI,운수장비,"2,470",-10,-0.40,"80,435,500,600"
145720,덴티움,KOSPI,의료정밀,"73,700",-900,-1.21,"815,772,771,000"
002150,도화엔지니어링,KOSPI,서비스업,"8,700",-30,-0.34,"293,364,000,000"
001230,동국제강,KOSPI,철강금속,"12,300",0,0.00,"1,173,822,665,100"
023450,동남합성,KOSPI,화학,"58,300",100,0.17,"210,463,000,000"
004140,동방,KOSPI,운수창고업,"2,710",5,0.18,"130,003,485,860"
007590,동방아그로,KOSPI,화학,"6,840",70,1.03,"93,144,226,680"
005960,동부건설,KOSPI,건설업,"10,500",50,0.48,"240,181,725,000"
005965,동부건설우,KOSPI,건설업,"24,550",-200,-0.81,"5,541,720,600"
026960,동서,KOSPI,유통업,"25,500",550,2.20,"2,542,350,000,000"
002210,동성제약,KOSPI,의약품,"7,720",-50,-0.64,"201,499,488,400"
102260,동성케미컬,KOSPI,서비스업,"4,005",25,0.63,"199,007,360,640"
000640,동아쏘시오홀딩스,KOSPI,기타금융,"105,500","2,500",2.43,"669,810,321,500"
170900,동아에스티,KOSPI,의약품,"61,700",700,1.15,"521,151,209,500"
028100,동아지질,KOSPI,건설업,"15,750",-100,-0.63,"221,329,174,500"
282690,동아타이어,KOSPI,화학,"11,550",100,0.87,"158,616,323,250"
001520,동양,KOSPI,비금속광물,"1,120",5,0.45,"267,326,150,560"
001527,동양2우B,KOSPI,비금속광물,"12,300",0,0.00,"3,795,398,700"
001529,동양3우B,KOSPI,비금속광물,"8,000","-8,750",-52.24,"717,776,000"
084670,동양고속,KOSPI,운수창고업,"15,000",150,1.01,"43,433,535,000"
082640,동양생명,KOSPI,보험,"5,540",90,1.65,"893,926,560,900"
001525,동양우,KOSPI,비금속광물,"6,230",0,0.00,"3,848,464,130"
008970,동양철관,KOSPI,철강금속,"1,035",-10,-0.96,"123,046,275,150"
092780,동양피스톤,KOSPI,운수장비,"4,750",20,0.42,"62,550,185,000"
049770,동원F&B,KOSPI,음식료품,"152,500","2,000",1.33,"588,516,410,000"
018500,동원금속,KOSPI,운수장비,844,-1,-0.12,"39,461,163,452"
006040,동원산업,KOSPI,"농업, 임업 및 어업","215,000","4,500",2.14,"790,692,815,000"
030720,동원수산,KOSPI,"농업, 임업 및 어업","9,210",-30,-0.32,"42,861,544,050"
014820,동원시스템즈,KOSPI,화학,"51,000",200,0.39,"1,488,608,961,000"
014825,동원시스템즈우,KOSPI,화학,"31,950",200,0.63,"8,478,188,100"
163560,동일고무벨트,KOSPI,화학,"7,330",-100,-1.35,"101,887,000,000"
004890,동일산업,KOSPI,철강금속,"168,500",0,0.00,"408,648,727,500"
002690,동일제강,KOSPI,철강금속,"3,070",-25,-0.81,"62,322,105,200"
000020,동화약품,KOSPI,의약품,"10,950",0,0.00,"305,849,596,500"
000150,두산,KOSPI,기타금융,"65,200",-800,-1.21,"1,077,354,042,000"
000157,두산2우B,KOSPI,기타금융,"92,000",-200,-0.22,"82,159,496,000"
241560,두산밥캣,KOSPI,기계,"28,750",-50,-0.17,"2,882,163,522,500"
034020,두산에너빌리티,KOSPI,기계,"17,750",-400,-2.20,"11,239,337,701,000"
000155,두산우,KOSPI,기타금융,"45,150",250,0.56,"180,440,259,300"
336260,두산퓨얼셀,KOSPI,전기전자,"28,900",-250,-0.86,"1,892,768,681,400"
33626K,두산퓨얼셀1우,KOSPI,전기전자,"9,140",50,0.55,"122,148,788,000"
33626L,두산퓨얼셀2우B,KOSPI,전기전자,"12,050",-50,-0.41,"35,984,915,000"
016740,두올,KOSPI,운수장비,"2,795",65,2.38,"92,421,370,600"
192650,드림텍,KOSPI,전기전자,"9,190",-110,-1.18,"618,927,044,770"
024090,디씨엠,KOSPI,철강금속,"22,300",150,0.68,"254,220,000,000"
003160,디아이,KOSPI,의료정밀,"5,900",20,0.34,"185,831,031,500"
092200,디아이씨,KOSPI,운수장비,"4,120",140,3.52,"160,220,904,280"
377190,디앤디플랫폼리츠,KOSPI,서비스업,"4,285",-5,-0.12,"275,954,000,000"
013570,디와이,KOSPI,기타금융,"6,820",170,2.56,"179,499,897,060"
210540,디와이파워,KOSPI,기계,"11,550",-100,-0.86,"127,531,727,400"
115390,락앤락,KOSPI,화학,"7,630",-10,-0.13,"393,329,658,820"
032350,롯데관광개발,KOSPI,서비스업,"11,100",200,1.83,"802,892,426,100"
089860,롯데렌탈,KOSPI,서비스업,"36,800",550,1.52,"1,348,133,518,400"
330590,롯데리츠,KOSPI,서비스업,"5,180",-30,-0.58,"1,258,578,819,120"
000400,롯데손해보험,KOSPI,보험,"1,605",25,1.58,"498,089,793,600"
023530,롯데쇼핑,KOSPI,유통업,"90,500",400,0.44,"2,560,132,327,500"
004000,롯데정밀화학,KOSPI,화학,"66,100",200,0.30,"1,705,380,000,000"
286940,롯데정보통신,KOSPI,서비스업,"26,400",300,1.15,"406,463,138,400"
280360,롯데제과,KOSPI,음식료품,"116,500","3,500",3.10,"747,547,530,500"
004990,롯데지주,KOSPI,기타금융,"33,100","-1,150",-3.36,"3,472,495,744,700"
00499K,롯데지주우,KOSPI,기타금융,"46,400",-150,-0.32,"37,379,979,200"
005300,롯데칠성,KOSPI,음식료품,"177,000","7,000",4.12,"1,642,362,468,000"
005305,롯데칠성우,KOSPI,음식료품,"71,900","2,000",2.86,"55,744,789,000"
011170,롯데케미칼,KOSPI,화학,"169,000","1,000",0.60,"5,792,545,811,000"
002270,롯데푸드,KOSPI,음식료품,"311,000",0,0.00,"376,016,105,000"
071840,롯데하이마트,KOSPI,유통업,"16,450",0,0.00,"388,346,862,400"
027740,마니커,KOSPI,음식료품,"1,525",-5,-0.33,"96,854,622,700"
357430,마스턴프리미어리츠,KOSPI,서비스업,"4,985",10,0.20,"132,501,300,000"
204320,만도,KOSPI,운수장비,"51,300","1,600",3.22,"2,408,900,256,000"
001080,만호제강,KOSPI,철강금속,"22,400",-200,-0.88,"92,960,000,000"
088980,맥쿼리인프라,KOSPI,기타금융,"12,100",0,0.00,"4,898,631,118,700"
094800,맵스리얼티1,KOSPI,기타금융,"4,435",-15,-0.34,"411,720,257,985"
138040,메리츠금융지주,KOSPI,기타금융,"25,400",0,0.00,"3,272,492,667,600"
008560,메리츠증권,KOSPI,증권,"4,390",-25,-0.57,"2,808,329,441,810"
000060,메리츠화재,KOSPI,보험,"32,100",-450,-1.38,"3,872,062,500,000"
090370,메타랩스,KOSPI,섬유의복,811,-8,-0.98,"60,438,516,328"
017180,명문제약,KOSPI,의약품,"3,325",85,2.62,"112,895,234,550"
009900,명신산업,KOSPI,운수장비,"17,400",400,2.35,"912,980,314,200"
012690,모나리자,KOSPI,종이목재,"3,355",-45,-1.32,"122,696,560,525"
005360,모나미,KOSPI,유통업,"3,590",-80,-2.18,"67,841,332,130"
204210,모두투어리츠,KOSPI,서비스업,"4,650",80,1.75,"36,394,689,750"
009680,모토닉,KOSPI,운수장비,"8,450",100,1.20,"278,850,000,000"
009580,무림P&P,KOSPI,종이목재,"3,840",25,0.66,"239,494,364,160"
009200,무림페이퍼,KOSPI,종이목재,"2,490",0,0.00,"103,607,181,900"
033920,무학,KOSPI,음식료품,"6,440",0,0.00,"183,540,000,000"
008420,문배철강,KOSPI,철강금속,"3,495",30,0.87,"71,659,749,975"
025560,미래산업,KOSPI,의료정밀,"10,700",350,3.38,"47,636,474,900"
007120,미래아이앤지,KOSPI,서비스업,308,-1,-0.32,"39,881,117,584"
396690,미래에셋글로벌리츠,KOSPI,서비스업,"4,540",-30,-0.66,"131,932,400,000"
357250,미래에셋맵스리츠,KOSPI,서비스업,"4,165",0,0.00,"83,716,500,000"
085620,미래에셋생명,KOSPI,보험,"3,085",15,0.49,"546,094,943,065"
006800,미래에셋증권,KOSPI,증권,"6,200",40,0.65,"3,814,961,729,600"
00680K,미래에셋증권2우B,KOSPI,증권,"3,780",15,0.40,"529,200,000,000"
006805,미래에셋증권우,KOSPI,증권,"4,230",15,0.36,"59,540,422,500"
002840,미원상사,KOSPI,화학,"176,500",500,0.28,"877,205,000,000"
268280,미원에스씨,KOSPI,화학,"194,000","1,000",0.52,"989,400,000,000"
107590,미원홀딩스,KOSPI,기타금융,"132,000","1,000",0.76,"306,240,000,000"
134380,미원화학,KOSPI,화학,"66,400",500,0.76,"146,031,395,200"
003650,미창석유,KOSPI,화학,"79,000",0,0.00,"137,434,088,000"
155900,바다로19호,KOSPI,서비스업,"3,335",0,0.00,"50,692,013,340"
003610,방림,KOSPI,섬유의복,"2,900",75,2.65,"122,710,861,000"
001340,백광산업,KOSPI,화학,"4,170",0,0.00,"187,309,757,190"
035150,백산,KOSPI,화학,"9,160",30,0.33,"222,633,800,000"
002410,범양건영,KOSPI,건설업,"4,385",25,0.57,"108,888,241,070"
096300,베트남개발1,KOSPI,기타금융,204,-1,-0.49,"28,086,763,044"
007210,벽산,KOSPI,비금속광물,"2,560",0,0.00,"175,513,600,000"
002760,보락,KOSPI,화학,"1,660",10,0.61,"99,434,000,000"
003850,보령,KOSPI,의약품,"10,400",-100,-0.95,"714,376,000,000"
000890,보해양조,KOSPI,음식료품,711,2,0.28,"98,914,411,719"
003000,부광약품,KOSPI,의약품,"8,590",-190,-2.16,"610,431,590,910"
001270,부국증권,KOSPI,증권,"21,050",-250,-1.17,"218,286,100,300"
001275,부국증권우,KOSPI,증권,"20,050",-50,-0.25,"60,150,000,000"
026940,부국철강,KOSPI,철강금속,"3,510",15,0.43,"70,200,000,000"
011390,부산산업,KOSPI,비금속광물,"84,300","1,900",2.31,"89,020,800,000"
005030,부산주공,KOSPI,운수장비,808,-16,-1.94,"53,306,672,032"
002070,비비안,KOSPI,섬유의복,"1,660",0,0.00,"49,458,023,400"
100220,비상교육,KOSPI,서비스업,"6,060",20,0.33,"78,760,250,460"
030790,비케이탑스,KOSPI,서비스업,904,0,0.00,"19,208,323,080"
005180,빙그레,KOSPI,음식료품,"45,400",50,0.11,"447,246,341,400"
003960,사조대림,KOSPI,음식료품,"23,500",100,0.43,"215,364,974,500"
008040,사조동아원,KOSPI,음식료품,"1,480",-10,-0.67,"208,894,008,000"
007160,사조산업,KOSPI,"농업, 임업 및 어업","44,700",-450,-1.00,"223,500,000,000"
014710,사조씨푸드,KOSPI,음식료품,"4,975",15,0.30,"85,662,251,425"
006090,사조오양,KOSPI,음식료품,"8,880",-20,-0.22,"83,673,922,320"
001470,삼부토건,KOSPI,건설업,"2,050",-95,-4.43,"384,730,418,750"
006400,삼성SDI,KOSPI,전기전자,"528,000",0,0.00,"36,307,671,840,000"
006405,삼성SDI우,KOSPI,전기전자,"271,000","1,500",0.56,"438,449,816,000"
006660,삼성공조,KOSPI,운수장비,"10,500",0,0.00,"85,326,297,000"
028260,삼성물산,KOSPI,유통업,"113,500","-1,000",-0.87,"21,211,683,693,500"
02826K,삼성물산우B,KOSPI,유통업,"103,500",0,0.00,"168,438,487,500"
207940,삼성바이오로직스,KOSPI,의약품,"832,000","-2,000",-0.24,"59,216,768,000,000"
032830,삼성생명,KOSPI,보험,"58,700",-500,-0.84,"11,740,000,000,000"
018260,삼성에스디에스,KOSPI,서비스업,"133,000","4,000",3.10,"10,291,247,400,000"
028050,삼성엔지니어링,KOSPI,서비스업,"19,300",-700,-3.50,"3,782,800,000,000"
009150,삼성전기,KOSPI,전기전자,"133,000","1,000",0.76,"9,934,261,568,000"
009155,삼성전기우,KOSPI,전기전자,"73,300",200,0.27,"213,081,927,200"
005930,삼성전자,KOSPI,전기전자,"58,000",-100,-0.17,"346,247,387,900,000"
005935,삼성전자우,KOSPI,전기전자,"52,600",-300,-0.57,"43,283,840,420,000"
001360,삼성제약,KOSPI,의약품,"3,410",-20,-0.58,"229,022,689,390"
010140,삼성중공업,KOSPI,운수장비,"5,370",30,0.56,"4,725,600,000,000"
010145,삼성중공우,KOSPI,운수장비,"226,000","-1,500",-0.66,"25,954,970,000"
016360,삼성증권,KOSPI,증권,"31,650",0,0.00,"2,826,345,000,000"
068290,삼성출판사,KOSPI,서비스업,"25,600",450,1.79,"256,000,000,000"
029780,삼성카드,KOSPI,기타금융,"30,150",-300,-0.99,"3,493,145,563,650"
000810,삼성화재,KOSPI,보험,"198,500","-3,000",-1.49,"9,403,905,144,500"
000815,삼성화재우,KOSPI,보험,"156,500",-500,-0.32,"499,548,000,000"
006110,삼아알미늄,KOSPI,철강금속,"16,650",50,0.30,"183,150,000,000"
145990,삼양사,KOSPI,음식료품,"40,100",150,0.38,"413,569,304,900"
145995,삼양사우,KOSPI,음식료품,"33,150",-700,-2.07,"12,267,820,500"
003230,삼양식품,KOSPI,음식료품,"105,500","3,500",3.43,"794,733,082,500"
002170,삼양통상,KOSPI,기타제조업,"52,700",400,0.76,"158,100,000,000"
272550,삼양패키징,KOSPI,화학,"17,850",650,3.78,"281,827,777,350"
000070,삼양홀딩스,KOSPI,기타금융,"73,600","2,100",2.94,"630,330,345,600"
000075,삼양홀딩스우,KOSPI,기타금융,"59,900",-100,-0.17,"18,213,074,200"
002810,삼영무역,KOSPI,유통업,"13,450",0,0.00,"248,380,450,600"
005680,삼영전자,KOSPI,전기전자,"10,200",150,1.49,"204,000,000,000"
003720,삼영화학,KOSPI,화학,"2,485",20,0.81,"84,490,000,000"
023000,삼원강재,KOSPI,운수장비,"2,585",-15,-0.58,"103,400,000,000"
004380,삼익THK,KOSPI,기계,"11,950",-50,-0.42,"250,950,000,000"
002450,삼익악기,KOSPI,기타제조업,"1,365",5,0.37,"123,574,698,975"
004440,삼일씨엔에스,KOSPI,비금속광물,"7,280",10,0.14,"92,688,574,160"
000520,삼일제약,KOSPI,의약품,"8,150",-10,-0.12,"111,668,406,750"
009770,삼정펄프,KOSPI,종이목재,"25,800",300,1.18,"64,499,251,800"
005500,삼진제약,KOSPI,의약품,"24,450",-50,-0.20,"339,855,000,000"
004690,삼천리,KOSPI,전기가스업,"185,500","1,500",0.82,"752,207,137,500"
010960,삼호개발,KOSPI,건설업,"3,880",0,0.00,"97,000,000,000"
004450,삼화왕관,KOSPI,기계,"36,350",450,1.25,"78,311,676,650"
009470,삼화전기,KOSPI,전기전자,"17,800",400,2.30,"117,725,996,000"
011230,삼화전자,KOSPI,전기전자,"2,985",75,2.58,"31,216,950,900"
001820,삼화콘덴서,KOSPI,전기전자,"40,200",700,1.77,"417,879,000,000"
000390,삼화페인트,KOSPI,화학,"7,080",450,6.79,"192,600,560,520"
001290,상상인증권,KOSPI,증권,"1,050",35,3.45,"113,753,976,000"
041650,상신브레이크,KOSPI,운수장비,"3,265",45,1.40,"70,104,284,250"
075180,새론오토모티브,KOSPI,운수장비,"4,865",30,0.62,"93,408,000,000"
007540,샘표,KOSPI,기타금융,"53,600",100,0.19,"154,142,880,000"
248170,샘표식품,KOSPI,음식료품,"36,000","1,250",3.60,"164,458,296,000"
007860,서연,KOSPI,기타금융,"7,170",270,3.91,"168,350,481,480"
200880,서연이화,KOSPI,운수장비,"8,890",880,10.99,"240,282,804,930"
017390,서울가스,KOSPI,전기가스업,"243,500",500,0.21,"1,217,500,000,000"
004410,서울식품,KOSPI,음식료품,252,2,0.80,"94,438,400,868"
004415,서울식품우,KOSPI,음식료품,"3,235",65,2.05,"7,196,257,500"
021050,서원,KOSPI,철강금속,"1,340",5,0.37,"63,615,950,600"
008490,서흥,KOSPI,화학,"32,000",0,0.00,"370,211,616,000"
007610,선도전기,KOSPI,전기전자,"3,000",0,0.00,"54,000,000,000"
136490,선진,KOSPI,음식료품,"9,950",-20,-0.20,"236,607,059,800"
014910,성문전자,KOSPI,전기전자,"1,770",40,2.31,"34,491,736,890"
014915,성문전자우,KOSPI,전기전자,"8,120",-30,-0.37,"4,872,000,000"
003080,성보화학,KOSPI,화학,"3,545",75,2.16,"70,970,900,000"
004980,성신양회,KOSPI,비금속광물,"8,880",0,0.00,"217,702,728,240"
004985,성신양회우,KOSPI,비금속광물,"12,900",200,1.57,"9,489,820,500"
011300,성안,KOSPI,섬유의복,644,53,8.97,"36,616,461,840"
000180,성창기업지주,KOSPI,서비스업,"1,940",-15,-0.77,"135,318,104,000"
002420,세기상사,KOSPI,유통업,"8,480",170,2.05,"36,264,041,600"
004360,세방,KOSPI,운수창고업,"10,050",0,0.00,"194,052,334,500"
004365,세방우,KOSPI,운수창고업,"6,720",70,1.05,"24,791,760,000"
004490,세방전지,KOSPI,전기전자,"49,400",900,1.86,"691,600,000,000"
001430,세아베스틸지주,KOSPI,철강금속,"14,400",-50,-0.35,"516,414,513,600"
306200,세아제강,KOSPI,철강금속,"146,000","-2,000",-1.35,"414,099,800,000"
003030,세아제강지주,KOSPI,기타금융,"130,500","-1,000",-0.76,"540,486,238,500"
019440,세아특수강,KOSPI,철강금속,"13,500",0,0.00,"115,695,000,000"
058650,세아홀딩스,KOSPI,철강금속,"96,300",-200,-0.21,"385,200,000,000"
013000,세우글로벌,KOSPI,유통업,"1,560",5,0.32,"44,779,848,360"
091090,세원이앤씨,KOSPI,기계,624,5,0.81,"98,677,932,912"
021820,세원정공,KOSPI,운수장비,"8,090",0,0.00,"80,900,000,000"
067830,세이브존I&C,KOSPI,유통업,"2,910",10,0.34,"119,429,004,450"
033530,세종공업,KOSPI,운수장비,"5,180",0,0.00,"144,112,577,980"
075580,세진중공업,KOSPI,운수장비,"5,370",-150,-2.72,"305,281,578,720"
027970,세하,KOSPI,종이목재,"1,290",-5,-0.39,"74,256,266,130"
308170,센트랄모텍,KOSPI,운수장비,"15,050",250,1.69,"129,580,500,000"
012600,센트럴인사이트,KOSPI,기계,"2,490",0,0.00,"45,159,499,050"
068270,셀트리온,KOSPI,의약품,"190,000","2,500",1.33,"26,745,891,690,000"
336370,솔루스첨단소재,KOSPI,전기전자,"42,100","1,300",3.19,"1,478,181,309,500"
33637K,솔루스첨단소재1우,KOSPI,전기전자,"10,300",250,2.49,"87,088,755,700"
33637L,솔루스첨단소재2우B,KOSPI,전기전자,"14,100",450,3.30,"26,639,835,000"
248070,솔루엠,KOSPI,전기전자,"18,800",50,0.27,"940,104,358,800"
004430,송원산업,KOSPI,화학,"19,250",900,4.90,"462,000,000,000"
017550,수산중공업,KOSPI,기계,"2,955",-20,-0.67,"159,526,156,665"
053210,스카이라이프,KOSPI,서비스업,"9,730",580,6.34,"465,307,729,180"
026890,스틱인베스트먼트,KOSPI,기타금융,"7,070",-20,-0.28,"294,664,697,250"
134790,시디즈,KOSPI,기타제조업,"49,500","-5,400",-9.84,"99,000,000,000"
016590,신대양제지,KOSPI,종이목재,"87,900",900,1.03,"354,217,837,800"
029530,신도리코,KOSPI,전기전자,"31,500",0,0.00,"317,520,913,500"
004970,신라교역,KOSPI,"농업, 임업 및 어업","10,350",0,0.00,"165,600,000,000"
011930,신성이엔지,KOSPI,전기전자,"1,805",-15,-0.82,"371,555,912,555"
005390,신성통상,KOSPI,유통업,"2,760",15,0.55,"396,635,156,400"
004170,신세계,KOSPI,유통업,"214,000","5,500",2.64,"2,106,868,734,000"
035510,신세계 I&C,KOSPI,서비스업,"13,300",150,1.14,"228,760,000,000"
034300,신세계건설,KOSPI,건설업,"24,600",150,0.61,"98,400,000,000"
031430,신세계인터내셔날,KOSPI,유통업,"28,700",400,1.41,"1,024,590,000,000"
031440,신세계푸드,KOSPI,서비스업,"56,100",-300,-0.53,"217,246,128,000"
006880,신송홀딩스,KOSPI,유통업,"11,950",150,1.27,"141,354,853,100"
005800,신영와코루,KOSPI,섬유의복,"11,450",450,4.09,"103,050,000,000"
001720,신영증권,KOSPI,증권,"54,700",-100,-0.18,"513,427,163,900"
001725,신영증권우,KOSPI,증권,"57,000",0,0.00,"402,064,491,000"
009270,신원,KOSPI,섬유의복,"1,595",10,0.63,"152,432,256,735"
009275,신원우,KOSPI,섬유의복,"5,070","-5,380",-51.48,"460,051,800"
002700,신일전자,KOSPI,유통업,"2,105",10,0.48,"149,555,031,705"
019170,신풍제약,KOSPI,의약품,"26,650",650,2.50,"1,412,049,983,500"
019175,신풍제약우,KOSPI,의약품,"46,500",0,0.00,"102,300,000,000"
002870,신풍제지,KOSPI,유통업,"1,550",10,0.65,"54,185,985,000"
404990,신한서부티엔디리츠,KOSPI,서비스업,"4,960",60,1.22,"277,541,184,640"
293940,신한알파리츠,KOSPI,서비스업,"7,800",40,0.52,"575,874,959,400"
055550,신한지주,KOSPI,기타금융,"34,600","-1,000",-2.81,"17,747,520,932,600"
004080,신흥,KOSPI,유통업,"16,000",-100,-0.62,"152,000,000,000"
102280,쌍방울,KOSPI,섬유의복,542,-7,-1.28,"142,324,933,918"
003410,쌍용C&E,KOSPI,비금속광물,"6,220",-60,-0.96,"3,134,006,680,900"
003620,쌍용차,KOSPI,운수장비,"2,770",0,0.00,"415,056,805,540"
004770,써니전자,KOSPI,전기전자,"2,710",10,0.37,"94,429,979,810"
015540,쎌마테라퓨틱스,KOSPI,서비스업,"6,410",0,0.00,"157,390,672,070"
004920,씨아이테크,KOSPI,기타제조업,"1,365",80,6.23,"55,714,889,685"
112610,씨에스윈드,KOSPI,기계,"47,150",-450,-0.95,"1,988,381,651,450"
008700,아남전자,KOSPI,전기전자,"2,425",-30,-1.22,"187,027,688,500"
002790,아모레G,KOSPI,화학,"38,300",950,2.54,"3,158,148,294,000"
00279K,아모레G3우(전환),KOSPI,화학,"31,750",400,1.28,"225,177,350,000"
002795,아모레G우,KOSPI,화학,"14,500",0,0.00,"93,434,665,000"
090430,아모레퍼시픽,KOSPI,화학,"136,000","6,000",4.62,"7,955,015,224,000"
090435,아모레퍼시픽우,KOSPI,화학,"48,050",850,1.80,"507,303,731,500"
002030,아세아,KOSPI,서비스업,"115,500","2,000",1.76,"253,063,272,000"
183190,아세아시멘트,KOSPI,비금속광물,"10,200",100,0.99,"397,372,518,000"
002310,아세아제지,KOSPI,종이목재,"32,900",700,2.17,"294,668,915,800"
012170,아센디오,KOSPI,서비스업,"1,265",10,0.80,"101,844,132,940"
267850,아시아나IDT,KOSPI,서비스업,"13,800",250,1.85,"153,180,000,000"
020560,아시아나항공,KOSPI,운수창고업,"14,400",300,2.13,"1,071,529,401,600"
122900,아이마켓코리아,KOSPI,유통업,"10,050",50,0.50,"335,959,842,000"
010780,아이에스동서,KOSPI,비금속광물,"38,100",-400,-1.04,"1,177,008,288,600"
139990,아주스틸,KOSPI,철강금속,"10,350",150,1.47,"273,780,156,150"
001780,알루코,KOSPI,철강금속,"2,905",25,0.87,"260,843,528,960"
018250,애경산업,KOSPI,화학,"14,500",400,2.84,"382,944,057,500"
161000,애경케미칼,KOSPI,화학,"7,910",50,0.64,"384,811,288,190"
011090,에넥스,KOSPI,기타제조업,"1,315",15,1.15,"78,889,007,915"
137310,에스디바이오센서,KOSPI,의료정밀,"47,300","-1,100",-2.27,"4,884,734,996,900"
005850,에스엘,KOSPI,운수장비,"31,350","1,850",6.27,"1,456,161,102,000"
010580,에스엠벡셀,KOSPI,운수장비,"1,530",0,0.00,"170,215,192,800"
012750,에스원,KOSPI,서비스업,"63,800",200,0.31,"2,424,347,556,400"
023960,에쓰씨엔지니어링,KOSPI,건설업,"2,290",15,0.66,"71,561,022,950"
298690,에어부산,KOSPI,운수창고업,"1,400",35,2.56,"271,488,000,000"
140910,에이리츠,KOSPI,서비스업,"5,410",-130,-2.35,"24,145,003,120"
078520,에이블씨엔씨,KOSPI,화학,"5,040",10,0.20,"136,248,633,360"
015260,에이엔피,KOSPI,전기전자,"2,465",-5,-0.20,"71,602,873,835"
007460,에이프로젠 MED,KOSPI,기계,"1,540",-30,-1.91,"369,189,206,540"
003060,에이프로젠제약,KOSPI,의약품,615,8,1.32,"245,124,167,430"
244920,에이플러스에셋,KOSPI,기타금융,"5,890",120,2.08,"133,159,311,770"
036570,엔씨소프트,KOSPI,서비스업,"366,500","8,500",2.37,"8,046,149,063,000"
380440,엔에이치스팩19호,KOSPI,기타금융,"2,105",5,0.24,"107,965,450,000"
085310,엔케이,KOSPI,기계,855,17,2.03,"68,385,765,960"
900140,엘브이엠씨홀딩스,KOSPI,유통업,"2,920",85,3.00,"290,409,467,240"
097520,엠씨넥스,KOSPI,전기전자,"30,500",450,1.50,"548,299,476,000"
014440,영보화학,KOSPI,화학,"3,470",-25,-0.72,"69,400,000,000"
111770,영원무역,KOSPI,유통업,"37,750",450,1.21,"1,672,757,917,000"
009970,영원무역홀딩스,KOSPI,기타금융,"47,600","1,250",2.70,"649,054,179,200"
003520,영진약품,KOSPI,의약품,"3,640",5,0.14,"665,729,540,840"
000670,영풍,KOSPI,철강금속,"510,000","6,000",1.19,"939,440,400,000"
006740,영풍제지,KOSPI,종이목재,"6,890",-100,-1.43,"152,958,000,000"
012280,영화금속,KOSPI,운수장비,"1,100",-5,-0.45,"58,733,955,500"
012160,영흥,KOSPI,철강금속,811,16,2.01,"82,162,711,692"
015360,예스코홀딩스,KOSPI,서비스업,"35,700",650,1.85,"214,200,000,000"
007310,오뚜기,KOSPI,음식료품,"451,000","6,500",1.46,"1,656,063,431,000"
002630,오리엔트바이오,KOSPI,의약품,796,16,2.05,"94,392,071,980"
271560,오리온,KOSPI,음식료품,"109,000","1,500",1.40,"4,309,438,388,000"
001800,오리온홀딩스,KOSPI,기타금융,"15,300",550,3.73,"958,474,956,600"
011690,와이투솔루션,KOSPI,전기전자,733,-27,-3.55,"116,719,721,921"
070960,용평리조트,KOSPI,서비스업,"3,780",5,0.13,"181,943,998,740"
316140,우리금융지주,KOSPI,기타금융,"11,450",100,0.88,"8,336,293,286,050"
010050,우리종금,KOSPI,기타금융,895,4,0.45,"782,412,048,370"
006980,우성,KOSPI,음식료품,"23,950",0,0.00,"74,005,500,000"
017370,우신시스템,KOSPI,기계,"2,430",50,2.10,"44,503,151,220"
105840,우진,KOSPI,의료정밀,"11,300",-500,-4.24,"229,656,838,200"
010400,우진아이엔에스,KOSPI,건설업,"6,580",150,2.33,"50,152,760,000"
049800,우진플라임,KOSPI,기계,"3,520",100,2.92,"70,400,000,000"
016880,웅진,KOSPI,서비스업,"1,375",0,0.00,"109,899,735,000"
095720,웅진씽크빅,KOSPI,서비스업,"2,345",-5,-0.21,"270,861,534,825"
005820,원림,KOSPI,섬유의복,"25,500",800,3.24,"58,598,235,000"
010600,웰바이오텍,KOSPI,유통업,"1,605",-45,-2.73,"106,623,526,920"
008600,윌비스,KOSPI,유통업,910,-11,-1.19,"61,184,795,490"
033270,유나이티드제약,KOSPI,의약품,"24,200",-200,-0.82,"393,124,692,400"
014830,유니드,KOSPI,화학,"90,900","2,800",3.18,"808,086,728,700"
000910,유니온,KOSPI,비금속광물,"5,440",-70,-1.27,"84,927,207,360"
047400,유니온머티리얼,KOSPI,비금속광물,"2,145",15,0.70,"90,090,000,000"
011330,유니켐,KOSPI,기타제조업,"1,195",5,0.42,"87,141,050,295"
077500,유니퀘스트,KOSPI,유통업,"8,760",80,0.92,"239,577,021,000"
002920,유성기업,KOSPI,운수장비,"2,775",25,0.91,"72,004,312,500"
000700,유수홀딩스,KOSPI,서비스업,"5,900",60,1.03,"153,646,690,800"
003470,유안타증권,KOSPI,증권,"2,625",25,0.96,"523,941,012,000"
003475,유안타증권우,KOSPI,증권,"2,880",25,0.88,"37,187,170,560"
072130,유엔젤,KOSPI,서비스업,"3,140",70,2.28,"41,433,725,560"
000220,유유제약,KOSPI,의약품,"6,760",160,2.42,"116,490,692,760"
000225,유유제약1우,KOSPI,의약품,"9,550",750,8.52,"21,649,181,500"
000227,유유제약2우B,KOSPI,의약품,"18,050","1,150",6.80,"5,876,358,000"
001200,유진투자증권,KOSPI,증권,"2,690",95,3.66,"260,570,664,420"
000100,유한양행,KOSPI,의약품,"57,100",-300,-0.52,"4,181,517,279,600"
000105,유한양행우,KOSPI,의약품,"54,800",-300,-0.54,"64,715,512,000"
003460,유화증권,KOSPI,증권,"2,305",15,0.66,"130,699,066,575"
003465,유화증권우,KOSPI,증권,"2,520",-40,-1.56,"44,040,591,000"
008730,율촌화학,KOSPI,화학,"19,000",250,1.33,"471,200,000,000"
008250,이건산업,KOSPI,종이목재,"8,320",50,0.60,"91,125,923,200"
025820,이구산업,KOSPI,철강금속,"2,855",-5,-0.17,"95,476,910,000"
214320,이노션,KOSPI,서비스업,"44,450",-50,-0.11,"889,000,000,000"
088260,이리츠코크렙,KOSPI,서비스업,"5,660",40,0.71,"358,513,399,400"
139480,이마트,KOSPI,유통업,"102,500",500,0.49,"2,857,271,447,500"
007660,이수페타시스,KOSPI,전기전자,"6,890",130,1.92,"435,767,826,910"
005950,이수화학,KOSPI,화학,"14,050",400,2.93,"392,831,593,200"
015020,이스타코,KOSPI,서비스업,"1,255",-55,-4.20,"53,778,758,000"
093230,이아이디,KOSPI,유통업,"1,275",5,0.39,"119,942,424,750"
074610,이엔플러스,KOSPI,기계,"2,925",-25,-0.85,"168,892,337,250"
102460,이연제약,KOSPI,의약품,"24,400",-500,-2.01,"439,165,278,800"
084680,이월드,KOSPI,기타제조업,"1,750",10,0.57,"248,160,837,750"
350520,이지스레지던스리츠,KOSPI,서비스업,"4,715",35,0.75,"133,710,879,155"
334890,이지스밸류리츠,KOSPI,서비스업,"4,830",-55,-1.13,"177,479,968,050"
000760,이화산업,KOSPI,유통업,"14,750",50,0.34,"41,300,000,000"
014990,인디에프,KOSPI,섬유의복,753,7,0.94,"53,246,885,235"
101140,인바이오젠,KOSPI,유통업,"1,885",35,1.89,"100,653,005,700"
006490,인스코비,KOSPI,통신업,"2,150",5,0.23,"236,262,074,550"
023800,인지컨트롤스,KOSPI,운수장비,"7,170",150,2.14,"109,939,137,210"
034590,인천도시가스,KOSPI,전기가스업,"26,300",300,1.15,"115,056,030,200"
129260,인터지스,KOSPI,운수창고업,"2,720",50,1.87,"80,914,217,280"
023810,인팩,KOSPI,운수장비,"8,450",200,2.42,"84,500,000,000"
249420,일동제약,KOSPI,의약품,"41,650",900,2.21,"1,116,356,820,250"
000230,일동홀딩스,KOSPI,의약품,"31,600",250,0.80,"364,676,640,000"
013360,일성건설,KOSPI,건설업,"3,415",0,0.00,"184,494,965,200"
003120,일성신약,KOSPI,의약품,"77,700","1,400",1.83,"206,682,000,000"
003200,일신방직,KOSPI,섬유의복,"93,600",900,0.97,"224,640,000,000"
007110,일신석재,KOSPI,유통업,"1,350",-5,-0.37,"104,566,423,500"
007570,일양약품,KOSPI,의약품,"23,800",0,0.00,"454,238,803,200"
007575,일양약품우,KOSPI,의약품,"26,350",500,1.93,"11,727,858,000"
008500,일정실업,KOSPI,섬유의복,"17,700",100,0.57,"21,240,000,000"
081000,일진다이아,KOSPI,화학,"18,400",250,1.38,"261,334,740,000"
020760,일진디스플,KOSPI,전기전자,"2,095",20,0.96,"107,921,287,395"
020150,일진머티리얼즈,KOSPI,전기전자,"67,300",900,1.36,"3,103,259,195,500"
103590,일진전기,KOSPI,전기전자,"6,560",30,0.46,"243,247,358,400"
271940,일진하이솔루스,KOSPI,운수장비,"30,800",0,0.00,"1,118,446,252,000"
015860,일진홀딩스,KOSPI,기타금융,"6,460",40,0.62,"318,784,740,180"
226320,잇츠한불,KOSPI,화학,"16,000",850,5.61,"350,869,040,000"
317400,자이에스앤디,KOSPI,서비스업,"5,830",10,0.17,"226,102,091,600"
033240,자화전자,KOSPI,전기전자,"23,500",300,1.29,"464,649,520,000"
000950,전방,KOSPI,섬유의복,"53,600",0,0.00,"90,048,000,000"
348950,제이알글로벌리츠,KOSPI,서비스업,"4,345",-5,-0.11,"719,532,000,000"
194370,제이에스코퍼레이션,KOSPI,기타제조업,"16,200",350,2.21,"216,036,736,200"
025620,제이준코스메틱,KOSPI,화학,935,22,2.41,"71,978,893,690"
030000,제일기획,KOSPI,서비스업,"23,050",350,1.54,"2,651,700,236,250"
271980,제일약품,KOSPI,의약품,"22,400",-650,-2.82,"329,389,132,800"
001560,제일연마,KOSPI,비금속광물,"8,320",-110,-1.30,"83,200,000,000"
002620,제일파마홀딩스,KOSPI,서비스업,"12,350",-550,-4.26,"197,270,934,250"
006220,제주은행,KOSPI,은행,"4,420",285,6.89,"142,009,181,080"
089590,제주항공,KOSPI,운수창고업,"15,300",950,6.62,"761,322,920,400"
004910,조광페인트,KOSPI,화학,"6,250",60,0.97,"80,000,000,000"
004700,조광피혁,KOSPI,기타제조업,"42,150",-750,-1.75,"280,261,166,700"
001550,조비,KOSPI,화학,"18,750",100,0.54,"97,354,481,250"
000480,조선내화,KOSPI,비금속광물,"78,000",-500,-0.64,"312,000,000,000"
120030,조선선재,KOSPI,기계,"137,500","-3,500",-2.48,"172,927,012,500"
018470,조일알미늄,KOSPI,철강금속,"1,575",10,0.64,"198,184,960,575"
002600,조흥,KOSPI,음식료품,"175,000","1,000",0.57,"105,000,000,000"
185750,종근당,KOSPI,의약품,"90,300","-1,900",-2.06,"1,082,519,831,400"
063160,종근당바이오,KOSPI,의약품,"30,000",-150,-0.50,"164,578,860,000"
001630,종근당홀딩스,KOSPI,의약품,"56,900",-900,-1.56,"285,061,090,900"
044380,주연테크,KOSPI,전기전자,814,16,2.01,"48,188,184,616"
013890,지누스,KOSPI,기타제조업,"49,800","1,600",3.32,"858,175,063,800"
013870,지엠비코리아,KOSPI,운수장비,"5,420",40,0.74,"103,371,757,600"
071320,지역난방공사,KOSPI,전기가스업,"31,000",-150,-0.48,"358,941,064,000"
035000,지투알,KOSPI,서비스업,"5,820",30,0.52,"96,422,320,380"
088790,진도,KOSPI,유통업,"3,090",55,1.81,"38,463,528,960"
003780,진양산업,KOSPI,화학,"7,250",-150,-2.03,"94,250,000,000"
010640,진양폴리,KOSPI,화학,"5,800",-110,-1.86,"58,000,000,000"
100250,진양홀딩스,KOSPI,화학,"3,525",-60,-1.67,"197,030,904,300"
051630,진양화학,KOSPI,화학,"3,765",10,0.27,"45,180,000,000"
272450,진에어,KOSPI,운수창고업,"14,000",800,6.06,"730,800,000,000"
011000,진원생명과학,KOSPI,의약품,"11,750",-550,-4.47,"912,722,398,500"
002780,진흥기업,KOSPI,건설업,"1,610",0,0.00,"234,209,509,450"
002787,진흥기업2우B,KOSPI,건설업,"14,200",-900,-5.96,"4,186,273,600"
002785,진흥기업우B,KOSPI,건설업,"5,290",-20,-0.38,"4,534,683,220"
009310,참엔지니어링,KOSPI,기계,808,2,0.25,"47,564,874,552"
000650,천일고속,KOSPI,운수창고업,"62,700",-700,-1.10,"89,612,094,000"
033250,체시스,KOSPI,운수장비,"1,005",0,0.00,"32,160,000,000"
118000,초록뱀헬스케어,KOSPI,유통업,973,-3,-0.31,"82,417,950,405"
035720,카카오,KOSPI,서비스업,"71,900","1,600",2.28,"31,991,782,122,900"
323410,카카오뱅크,KOSPI,은행,"31,600","1,600",5.33,"15,050,525,009,200"
377300,카카오페이,KOSPI,기타금융,"67,500","2,300",3.53,"8,945,702,100,000"
006380,카프로,KOSPI,화학,"2,745",5,0.18,"109,800,000,000"
109070,컨버즈,KOSPI,전기전자,"4,100",0,0.00,"71,952,027,500"
001620,케이비아이동국실업,KOSPI,운수장비,599,7,1.18,"52,284,316,396"
029460,케이씨,KOSPI,의료정밀,"18,750",-250,-1.32,"254,138,325,000"
281820,케이씨텍,KOSPI,의료정밀,"17,200",400,2.38,"358,818,763,200"
381970,케이카,KOSPI,유통업,"18,850",-50,-0.26,"906,431,147,050"
145270,케이탑리츠,KOSPI,서비스업,"1,030",0,0.00,"49,502,597,220"
417310,코람코더원리츠,KOSPI,서비스업,"5,180",-40,-0.77,"209,272,000,000"
357120,코람코에너지리츠,KOSPI,서비스업,"5,600",0,0.00,"495,793,054,400"
007815,코리아써우,KOSPI,전기전자,"7,870",210,2.74,"23,332,110,300"
007810,코리아써키트,KOSPI,전기전자,"18,850",500,2.72,"445,251,156,350"
00781K,코리아써키트2우B,KOSPI,전기전자,"8,750",430,5.17,"6,857,366,250"
003690,코리안리,KOSPI,보험,"8,490",30,0.35,"1,021,933,794,840"
192820,코스맥스,KOSPI,화학,"62,800","2,800",4.67,"712,749,165,200"
044820,코스맥스비티아이,KOSPI,기타금융,"9,090",-260,-2.78,"87,299,641,890"
005070,코스모신소재,KOSPI,화학,"50,000","2,400",5.04,"1,532,537,800,000"
005420,코스모화학,KOSPI,화학,"14,800",600,4.23,"462,650,323,600"
071950,코아스,KOSPI,기타제조업,959,11,1.16,"29,640,014,390"
002020,코오롱,KOSPI,기타금융,"22,500",0,0.00,"284,094,585,000"
003070,코오롱글로벌,KOSPI,건설업,"15,350",0,0.00,"386,980,223,300"
003075,코오롱글로벌우,KOSPI,건설업,"26,000",-500,-1.89,"8,132,878,000"
002025,코오롱우,KOSPI,기타금융,"15,950",50,0.31,"17,168,420,500"
120110,코오롱인더,KOSPI,화학,"50,500","1,800",3.70,"1,389,714,095,500"
120115,코오롱인더우,KOSPI,화학,"26,650",700,2.70,"73,763,469,000"
138490,코오롱플라스틱,KOSPI,화학,"10,150",100,1.00,"385,700,000,000"
021240,코웨이,KOSPI,서비스업,"66,300","2,600",4.08,"4,892,914,739,700"
036420,콘텐트리중앙,KOSPI,서비스업,"35,100","1,400",4.15,"672,948,396,900"
031820,콤텍시스템,KOSPI,서비스업,736,4,0.55,"89,093,878,976"
192400,쿠쿠홀딩스,KOSPI,기타금융,"15,400",100,0.65,"547,657,649,000"
284740,쿠쿠홈시스,KOSPI,서비스업,"29,450","1,650",5.94,"660,779,368,500"
015590,큐로,KOSPI,기계,404,3,0.75,"93,409,501,752"
264900,크라운제과,KOSPI,음식료품,"8,300",70,0.85,"103,947,955,000"
26490K,크라운제과우,KOSPI,음식료품,"10,800",0,0.00,"8,354,448,000"
005740,크라운해태홀딩스,KOSPI,기타금융,"6,960",50,0.72,"103,337,535,120"
005745,크라운해태홀딩스우,KOSPI,기타금융,"11,350",0,0.00,"6,818,240,100"
259960,크래프톤,KOSPI,서비스업,"242,500","5,500",2.32,"11,899,970,912,500"
020120,키다리스튜디오,KOSPI,서비스업,"8,520",340,4.16,"311,667,913,320"
039490,키움증권,KOSPI,증권,"74,100",-300,-0.40,"1,942,865,913,300"
014580,태경비케이,KOSPI,비금속광물,"3,980",15,0.38,"109,780,738,000"
015890,태경산업,KOSPI,화학,"6,370",180,2.91,"186,187,137,500"
006890,태경케미컬,KOSPI,화학,"13,150",-100,-0.75,"152,540,000,000"
003240,태광산업,KOSPI,화학,"898,000","4,000",0.45,"999,833,200,000"
011280,태림포장,KOSPI,종이목재,"3,125",-5,-0.16,"221,268,562,500"
004100,태양금속,KOSPI,운수장비,"1,330",-5,-0.37,"48,811,000,000"
004105,태양금속우,KOSPI,운수장비,"2,540",60,2.42,"8,382,000,000"
009410,태영건설,KOSPI,건설업,"6,380",-40,-0.62,"248,176,245,240"
009415,태영건설우,KOSPI,건설업,"9,130",-20,-0.22,"11,888,556,460"
001420,태원물산,KOSPI,운수장비,"4,820",-105,-2.13,"36,632,000,000"
007980,태평양물산,KOSPI,섬유의복,"1,650",-10,-0.60,"79,446,818,550"
055490,테이팩스,KOSPI,화학,"68,900","1,300",1.92,"325,046,085,000"
078000,텔코웨어,KOSPI,서비스업,"9,460",160,1.72,"91,787,598,760"
214420,토니모리,KOSPI,화학,"4,115",160,4.05,"98,985,497,885"
019180,티에이치엔,KOSPI,전기전자,"2,980",30,1.02,"53,640,000,000"
363280,티와이홀딩스,KOSPI,기타금융,"17,800",0,0.00,"906,540,970,400"
36328K,티와이홀딩스우,KOSPI,기타금융,"16,050",-150,-0.93,"20,148,174,900"
091810,티웨이항공,KOSPI,운수창고업,"1,915",30,1.59,"307,032,484,285"
004870,티웨이홀딩스,KOSPI,비금속광물,529,10,1.93,"57,910,776,343"
005690,파미셀,KOSPI,의약품,"12,350",150,1.23,"740,493,032,500"
036580,팜스코,KOSPI,음식료품,"4,885",-35,-0.71,"179,416,001,555"
004720,팜젠사이언스,KOSPI,의약품,"8,400",-280,-3.23,"130,007,144,400"
028670,팬오션,KOSPI,운수창고업,"5,230",-50,-0.95,"2,795,798,547,760"
010820,퍼스텍,KOSPI,기계,"3,210",0,0.00,"154,277,286,600"
016800,퍼시스,KOSPI,기타제조업,"32,150",-100,-0.31,"369,725,000,000"
001020,페이퍼코리아,KOSPI,종이목재,"1,715",20,1.18,"81,577,079,150"
090080,평화산업,KOSPI,운수장비,"1,375",35,2.61,"75,490,606,125"
010770,평화홀딩스,KOSPI,운수장비,"3,180",15,0.47,"46,508,981,880"
058430,포스코스틸리온,KOSPI,철강금속,"33,250","1,150",3.58,"199,500,000,000"
047050,포스코인터내셔널,KOSPI,유통업,"17,950",-200,-1.10,"2,214,583,924,550"
003670,포스코케미칼,KOSPI,비금속광물,"108,500","4,500",4.33,"8,404,759,370,000"
017810,풀무원,KOSPI,음식료품,"12,250",0,0.00,"466,976,639,500"
103140,풍산,KOSPI,철강금속,"24,050",50,0.21,"673,983,885,900"
005810,풍산홀딩스,KOSPI,기타금융,"24,450",0,0.00,"254,512,959,600"
950210,프레스티지바이오파마,KOSPI,서비스업,"12,000",150,1.27,"721,153,860,000"
009810,플레이그램,KOSPI,유통업,"1,145",-35,-2.97,"102,726,040,570"
086790,하나금융지주,KOSPI,기타금융,"35,650",-400,-1.11,"10,548,958,919,400"
293480,하나제약,KOSPI,의약품,"17,400",-50,-0.29,"309,249,260,400"
039130,하나투어,KOSPI,서비스업,"49,300","1,200",2.49,"790,731,820,500"
352820,하이브,KOSPI,서비스업,"158,500","2,500",1.60,"6,554,511,839,500"
071090,하이스틸,KOSPI,철강금속,"4,035",0,0.00,"80,697,740,400"
019490,하이트론,KOSPI,전기전자,"2,470",0,0.00,"23,739,723,280"
000080,하이트진로,KOSPI,음식료품,"29,900",600,2.05,"2,096,994,968,900"
000087,하이트진로2우B,KOSPI,음식료품,"18,400",-200,-1.08,"20,794,539,200"
000140,하이트진로홀딩스,KOSPI,기타금융,"10,950",-50,-0.45,"254,114,076,750"
000145,하이트진로홀딩스우,KOSPI,기타금융,"14,100",0,0.00,"6,638,421,000"
152550,한국ANKOR유전,KOSPI,기타금융,"1,570",10,0.64,"109,931,400,000"
036460,한국가스공사,KOSPI,전기가스업,"34,450",-300,-0.86,"3,180,182,850,000"
005430,한국공항,KOSPI,운수창고업,"37,450",0,0.00,"118,579,994,750"
071050,한국금융지주,KOSPI,기타금융,"60,100",100,0.17,"3,349,132,119,200"
071055,한국금융지주우,KOSPI,기타금융,"56,200",-200,-0.35,"329,233,706,200"
010040,한국내화,KOSPI,비금속광물,"3,065",15,0.49,"125,870,545,030"
025540,한국단자,KOSPI,전기전자,"53,800","1,300",2.48,"560,327,000,000"
004090,한국석유,KOSPI,비금속광물,"11,050",-50,-0.45,"140,270,026,000"
002200,한국수출포장,KOSPI,종이목재,"21,800",150,0.69,"87,200,000,000"
002960,한국쉘석유,KOSPI,화학,"242,000","-1,500",-0.62,"314,600,000,000"
000240,한국앤컴퍼니,KOSPI,기타금융,"12,000",200,1.69,"1,139,222,880,000"
123890,한국자산신탁,KOSPI,기타금융,"3,430",50,1.48,"425,243,689,360"
015760,한국전력,KOSPI,전기가스업,"21,850",-250,-1.13,"14,026,915,082,450"
006200,한국전자홀딩스,KOSPI,기타금융,"1,360",40,3.03,"63,652,264,960"
009540,한국조선해양,KOSPI,운수장비,"80,400","-1,200",-1.47,"5,690,158,526,400"
023350,한국종합기술,KOSPI,서비스업,"6,900",40,0.58,"75,555,000,000"
025890,한국주강,KOSPI,기계,"2,610",55,2.15,"29,517,165,990"
000970,한국주철관,KOSPI,철강금속,"7,900",100,1.28,"180,123,950,000"
104700,한국철강,KOSPI,철강금속,"6,510",-70,-1.06,"276,349,500,000"
017960,한국카본,KOSPI,기계,"12,350",-350,-2.76,"542,915,348,950"
161890,한국콜마,KOSPI,화학,"38,450","1,950",5.34,"879,781,371,000"
024720,한국콜마홀딩스,KOSPI,기타금융,"16,800",200,1.20,"312,088,879,200"
161390,한국타이어앤테크놀로지,KOSPI,화학,"31,150",550,1.80,"3,858,708,399,350"
034830,한국토지신탁,KOSPI,기타금융,"1,580",-20,-1.25,"398,932,983,400"
007280,한국특강,KOSPI,철강금속,"2,470",0,0.00,"149,047,335,970"
168490,한국패러랠,KOSPI,기타금융,"2,130",0,0.00,"170,442,600,000"
010100,한국프랜지,KOSPI,운수장비,"2,440",40,1.67,"74,299,024,800"
047810,한국항공우주,KOSPI,운수장비,"47,500",-250,-0.52,"4,630,067,582,500"
123690,한국화장품,KOSPI,유통업,"7,030",130,1.88,"112,958,040,000"
003350,한국화장품제조,KOSPI,화학,"21,400",400,1.90,"96,984,800,000"
011500,한농화성,KOSPI,화학,"12,050",200,1.69,"188,426,356,100"
002390,한독,KOSPI,의약품,"17,800",100,0.56,"244,990,887,400"
014790,한라,KOSPI,건설업,"3,800",-10,-0.26,"143,862,683,800"
060980,한라홀딩스,KOSPI,기타금융,"36,900",700,1.93,"386,419,383,000"
053690,한미글로벌,KOSPI,서비스업,"11,300",100,0.89,"123,820,315,000"
042700,한미반도체,KOSPI,기계,"13,900",550,4.12,"1,374,984,580,600"
008930,한미사이언스,KOSPI,기타금융,"41,100",-600,-1.44,"2,820,433,412,400"
128940,한미약품,KOSPI,의약품,"321,000",0,0.00,"3,954,068,691,000"
009240,한샘,KOSPI,유통업,"57,500",200,0.35,"1,353,200,860,000"
020000,한섬,KOSPI,섬유의복,"29,200",700,2.46,"719,196,000,000"
003680,한성기업,KOSPI,음식료품,"6,090",20,0.33,"37,815,946,350"
105630,한세실업,KOSPI,섬유의복,"16,100",300,1.90,"644,000,000,000"
069640,한세엠케이,KOSPI,유통업,"3,415",130,3.96,"44,085,334,630"
016450,한세예스24홀딩스,KOSPI,섬유의복,"5,640",-50,-0.88,"225,600,000,000"
010420,한솔PNS,KOSPI,유통업,"1,500",10,0.67,"30,739,518,000"
009180,한솔로지스틱스,KOSPI,운수창고업,"3,200",5,0.16,"87,927,760,000"
213500,한솔제지,KOSPI,종이목재,"12,850",250,1.98,"305,837,401,600"
014680,한솔케미칼,KOSPI,화학,"217,000","7,500",3.58,"2,459,737,315,000"
004710,한솔테크닉스,KOSPI,전기전자,"5,100",50,0.99,"163,760,377,800"
004150,한솔홀딩스,KOSPI,기타금융,"3,085",20,0.65,"129,596,460,045"
025750,한솔홈데코,KOSPI,종이목재,"1,295",15,1.17,"104,331,867,955"
004960,한신공영,KOSPI,건설업,"11,500",-50,-0.43,"133,063,073,000"
011700,한신기계,KOSPI,기계,"8,980",-440,-4.67,"291,366,435,980"
001750,한양증권,KOSPI,증권,"10,200",0,0.00,"129,831,046,800"
001755,한양증권우,KOSPI,증권,"14,950",400,2.75,"7,848,750,000"
018880,한온시스템,KOSPI,기계,"10,050",310,3.18,"5,364,690,000,000"
009420,한올바이오파마,KOSPI,의약품,"17,850",450,2.59,"932,495,388,300"
014130,한익스프레스,KOSPI,운수창고업,"5,100",-20,-0.39,"61,200,000,000"
300720,한일시멘트,KOSPI,비금속광물,"13,550",400,3.04,"938,493,867,000"
002220,한일철강,KOSPI,철강금속,"3,855",75,1.98,"102,918,708,300"
006390,한일현대시멘트,KOSPI,비금속광물,"22,050",-150,-0.68,"391,928,496,750"
003300,한일홀딩스,KOSPI,비금속광물,"10,400",0,0.00,"320,661,993,600"
051600,한전KPS,KOSPI,건설업,"37,700",-550,-1.44,"1,696,500,000,000"
052690,한전기술,KOSPI,서비스업,"66,500",-800,-1.19,"2,541,630,000,000"
130660,한전산업,KOSPI,서비스업,"10,250",-150,-1.44,"334,150,000,000"
002320,한진,KOSPI,운수창고업,"27,300",0,0.00,"408,070,244,400"
003480,한진중공업홀딩스,KOSPI,전기가스업,"4,005",5,0.13,"118,266,897,060"
180640,한진칼,KOSPI,운수창고업,"59,400","1,200",2.06,"3,965,619,081,600"
18064K,한진칼우,KOSPI,운수창고업,"32,250",250,0.78,"17,310,703,500"
005110,한창,KOSPI,유통업,911,-10,-1.09,"67,362,103,974"
009460,한창제지,KOSPI,종이목재,"1,595",5,0.31,"95,169,640,170"
372910,한컴라이프케어,KOSPI,의료정밀,"5,150",50,0.98,"142,523,190,900"
000880,한화,KOSPI,화학,"23,650",-300,-1.25,"1,772,774,082,750"
00088K,한화3우B,KOSPI,화학,"13,950",50,0.36,"313,484,400,000"
088350,한화생명,KOSPI,보험,"2,120",-5,-0.24,"1,841,283,600,000"
000370,한화손해보험,KOSPI,보험,"4,100",-85,-2.03,"478,629,551,500"
009830,한화솔루션,KOSPI,화학,"33,100",-200,-0.60,"6,331,318,250,700"
009835,한화솔루션우,KOSPI,화학,"34,700",200,0.58,"38,993,673,900"
272210,한화시스템,KOSPI,전기전자,"12,350",150,1.23,"2,333,154,454,150"
012450,한화에어로스페이스,KOSPI,운수장비,"41,650",-700,-1.65,"2,108,739,500,000"
000885,한화우,KOSPI,화학,"33,000",150,0.46,"15,816,702,000"
003530,한화투자증권,KOSPI,증권,"3,060",30,0.99,"656,516,191,500"
003535,한화투자증권우,KOSPI,증권,"6,820",-80,-1.16,"32,736,000,000"
195870,해성디에스,KOSPI,전기전자,"60,100","2,400",4.16,"1,021,700,000,000"
101530,해태제과식품,KOSPI,음식료품,"7,010",40,0.57,"204,108,922,220"
143210,핸즈코퍼레이션,KOSPI,운수장비,"4,140",40,0.98,"90,513,929,520"
000720,현대건설,KOSPI,건설업,"38,100",-100,-0.26,"4,242,654,646,500"
267270,현대건설기계,KOSPI,기계,"40,350",200,0.50,"794,926,997,550"
000725,현대건설우,KOSPI,건설업,"67,500",500,0.75,"71,191,777,500"
005440,현대그린푸드,KOSPI,유통업,"7,720",300,4.04,"754,278,601,040"
086280,현대글로비스,KOSPI,운수창고업,"182,500","4,000",2.24,"6,843,750,000,000"
042670,현대두산인프라코어,KOSPI,기계,"5,080",-90,-1.74,"1,003,465,227,000"
064350,현대로템,KOSPI,운수장비,"18,200",50,0.28,"1,986,389,732,600"
079430,현대리바트,KOSPI,기타제조업,"10,950",0,0.00,"224,861,337,900"
012330,현대모비스,KOSPI,운수장비,"210,000","6,000",2.94,"19,860,349,740,000"
010620,현대미포조선,KOSPI,운수장비,"80,000","-1,700",-2.08,"3,195,371,920,000"
069960,현대백화점,KOSPI,유통업,"64,300",-200,-0.31,"1,504,776,956,300"
004560,현대비앤지스틸,KOSPI,철강금속,"12,150",100,0.83,"183,207,553,650"
004565,현대비앤지스틸우,KOSPI,철강금속,"60,800",800,1.33,"6,679,001,600"
004310,현대약품,KOSPI,의약품,"5,900",-450,-7.09,"188,800,000,000"
322000,현대에너지솔루션,KOSPI,전기전자,"30,550","-1,300",-4.08,"342,160,000,000"
017800,현대엘리베이,KOSPI,기계,"26,150",600,2.35,"1,067,317,244,650"
307950,현대오토에버,KOSPI,서비스업,"119,500","2,500",2.14,"3,277,165,849,000"
011210,현대위아,KOSPI,운수장비,"58,500","4,200",7.73,"1,590,912,355,500"
267260,현대일렉트릭,KOSPI,전기전자,"22,050","-1,000",-4.34,"794,839,326,750"
004020,현대제철,KOSPI,철강금속,"31,750",750,2.42,"4,236,903,673,750"
329180,현대중공업,KOSPI,운수장비,"115,500","-5,500",-4.55,"10,253,294,898,000"
005380,현대차,KOSPI,운수장비,"183,500","4,500",2.51,"39,208,112,314,500"
005387,현대차2우B,KOSPI,운수장비,"88,400",700,0.80,"3,225,313,868,400"
005389,현대차3우B,KOSPI,운수장비,"85,700","1,900",2.27,"208,142,589,500"
005385,현대차우,KOSPI,운수장비,"87,800",100,0.11,"2,138,516,943,000"
001500,현대차증권,KOSPI,증권,"9,500",70,0.74,"301,269,339,000"
011760,현대코퍼레이션,KOSPI,유통업,"14,650",-50,-0.34,"193,804,351,900"
227840,현대코퍼레이션홀딩스,KOSPI,유통업,"10,600",100,0.95,"96,468,861,600"
126560,현대퓨처넷,KOSPI,통신업,"2,520",15,0.60,"277,711,421,400"
001450,현대해상,KOSPI,보험,"31,150",-850,-2.66,"2,784,810,000,000"
057050,현대홈쇼핑,KOSPI,유통업,"50,600",600,1.20,"607,200,000,000"
093240,형지엘리트,KOSPI,섬유의복,"1,560",0,0.00,"48,601,484,880"
003010,혜인,KOSPI,유통업,"8,090",60,0.75,"102,846,123,230"
111110,호전실업,KOSPI,섬유의복,"8,300",100,1.22,"80,924,867,200"
008770,호텔신라,KOSPI,유통업,"68,200",700,1.04,"2,676,721,852,200"
008775,호텔신라우,KOSPI,유통업,"55,800",300,0.54,"41,954,848,200"
002460,화성산업,KOSPI,건설업,"17,050",-150,-0.87,"212,286,140,000"
378850,화승알앤에이,KOSPI,운수장비,"3,290",-20,-0.60,"62,489,019,670"
241590,화승엔터프라이즈,KOSPI,기타제조업,"11,300",250,2.26,"684,559,774,300"
006060,화승인더,KOSPI,화학,"4,560",10,0.22,"252,259,200,000"
013520,화승코퍼레이션,KOSPI,운수장비,"1,380",-15,-1.08,"69,070,727,760"
010690,화신,KOSPI,운수장비,"9,400",400,4.44,"328,251,854,000"
133820,화인베스틸,KOSPI,철강금속,"2,385",-40,-1.65,"71,029,929,285"
010660,화천기계,KOSPI,기계,"2,530",30,1.20,"55,660,000,000"
000850,화천기공,KOSPI,기계,"32,050",-100,-0.31,"70,510,000,000"
016580,환인제약,KOSPI,의약품,"16,850",100,0.60,"313,411,179,500"
032560,황금에스티,KOSPI,철강금속,"7,080",90,1.29,"120,360,000,000"
004800,효성,KOSPI,기타금융,"73,600",-200,-0.27,"1,550,827,440,000"
094280,효성ITX,KOSPI,서비스업,"14,000",0,0.00,"161,814,800,000"
298040,효성중공업,KOSPI,전기전자,"51,000","-2,200",-4.14,"475,551,948,000"
298050,효성첨단소재,KOSPI,화학,"336,500","3,500",1.05,"1,507,502,502,000"
298020,효성티앤씨,KOSPI,화학,"310,500","6,000",1.97,"1,343,745,261,000"
298000,효성화학,KOSPI,화학,"172,000",0,0.00,"548,701,672,000"
093370,후성,KOSPI,화학,"16,150",50,0.31,"1,495,600,126,850"
081660,휠라홀딩스,KOSPI,유통업,"28,200",750,2.73,"1,713,212,660,400"
005870,휴니드,KOSPI,전기전자,"6,990",-10,-0.14,"98,670,944,850"
079980,휴비스,KOSPI,화학,"6,180",20,0.32,"213,210,000,000"
005010,휴스틸,KOSPI,철강금속,"4,245",-145,-3.30,"166,353,378,375"
000540,흥국화재,KOSPI,보험,"3,165",5,0.16,"203,327,971,425"
000547,흥국화재2우B,KOSPI,보험,"22,500",-400,-1.75,"3,456,000,000"
000545,흥국화재우,KOSPI,보험,"6,920",20,0.29,"5,314,560,000"
003280,흥아해운,KOSPI,운수창고업,"2,000",-15,-0.74,"480,849,798,000"
